name,Size(in),Ties(in),Pairs(in),Densit(in),AvgDis(in),Diamet(in),nWeakC(in),pWeakC(in),2StepR(in),2StepP(in),ReachE(in),Broker(in),nBroke(in),EgoBet(in),nEgoBe(in),Size(out),Ties(out),Pairs(out),Densit(out),AvgDis(out),Diamet(out),nWeakC(out),pWeakC(out),2StepR(out),2StepP(out),ReachE(out),Broker(out),nBroke(out),EgoBet(out),nEgoBe(out),Size(un),Ties(un),Pairs(un),Densit(un),AvgDis(un),Diamet(un),nWeakC(un),pWeakC(un),2StepR(un),2StepP(un),ReachE(un),Broker(un),nBroke(un),EgoBet(un),nEgoBe(un),Degree_x,EffSize,Efficienc,Constrain,Hierarchy,EgoBetwe,Ln(Constr,Indirects,Density,Degree_y,Closeness,Betweenness,Eigenvector,EffSize(g),Efficie(g),Constra(g),Hierarc(g),Indirec(g),Project,Version,wmc,dit,noc,cbo,rfc,lcom,ca,npm,lcom3,loc,dam,moa,mfa,cam,ic,cbm,amc,max(cc),avg(cc),bugs
org.apache.tools.ant.taskdefs.JavacOutputStream,0.0,0.0,0.0,0.0,0.0,0.0,0.0,0.0,0.0,0.0,0.0,0.0,0.0,0.0,0.0,2.0,0.0,2.0,0.0,2.0,100.0,140.0,38.89,51.85,1.0,1.0,0.0,0.0,,,2.0,0.0,2.0,0.0,2.0,100.0,140.0,38.89,51.85,1.0,1.0,0.0,0.0,,,2.0,2.0,1.0,0.5,0.0,0.0,-0.693,0.0,0.0,0.556,35.75,0.0,2.248,2.0,1.0,0.5,0.0,0.0,ant,1.3,4,2,0,1,11,0,0,1,0.22222222,68,1.0,1,0.625,0.5,1,1,15.25,2,1.0,0
org.apache.tools.ant.taskdefs.ExecuteWatchdog,2.0,1.0,2.0,50.0,1.0,50.0,45.0,12.5,76.27,0.5,0.5,0.0,0.0,,,2.0,0.0,2.0,0.0,2.0,100.0,173.0,48.06,50.44,1.0,1.0,0.0,0.0,,,4.0,5.0,12.0,41.67,1.0,25.0,188.0,52.22,46.77,3.5,0.58,0.0,0.0,,,4.0,2.256,0.564,0.958,0.101,0.0,-0.043,0.888,0.417,1.111,38.055,0.0,3.459,2.757,0.689,0.351,0.147,0.125,ant,1.3,8,1,0,6,25,0,5,7,0.6,169,1.0,0,0.0,0.41666666,0,0,19.5,7,1.875,0
org.apache.tools.ant.RuntimeConfigurable,4.0,5.0,12.0,41.67,1.0,25.0,150.0,41.67,81.08,3.5,0.58,0.0,0.0,,,6.0,6.0,30.0,20.0,2.0,33.33,221.0,61.39,33.38,12.0,0.8,0.0,0.0,,,10.0,27.0,90.0,30.0,1.0,10.0,232.0,64.44,27.39,31.5,0.7,5.17,5.74,,,10.0,7.49,0.749,0.452,0.189,5.167,-0.794,0.867,0.3,2.778,40.449,0.072,7.069,8.138,0.814,0.244,0.258,0.307,ant,1.3,9,1,0,8,25,10,5,7,0.6875,114,1.0,0,0.0,0.25,0,0,11.222222,1,0.8888889,2
org.apache.tools.ant.taskdefs.compilers.Javac13,1.0,0.0,0.0,0.0,0.0,1.0,100.0,13.0,3.61,100.0,0.0,0.0,,,,12.0,20.0,132.0,15.15,3.0,25.0,234.0,65.0,23.05,56.0,0.85,0.0,0.0,,,13.0,26.0,156.0,16.67,3.0,23.08,234.0,65.0,22.76,65.0,0.83,6.0,3.85,,,13.0,10.55,0.812,0.293,0.219,6.0,-1.229,0.699,0.167,3.611,40.678,0.22,8.911,11.953,0.919,0.119,0.178,0.094,ant,1.3,2,2,0,8,17,1,1,2,2.0,97,1.0,0,0.9583333,1.0,0,0,47.0,1,0.5,0
org.apache.tools.ant.taskdefs.Jikes,0.0,0.0,0.0,0.0,0.0,0.0,0.0,0.0,0.0,0.0,0.0,0.0,0.0,0.0,0.0,7.0,8.0,42.0,19.05,2.0,28.57,221.0,61.39,32.31,17.0,0.81,0.0,0.0,,,7.0,8.0,42.0,19.05,2.0,28.57,221.0,61.39,32.31,17.0,0.81,0.0,0.0,,,7.0,5.088,0.727,0.424,0.197,0.0,-0.858,0.566,0.19,1.944,39.867,0.03,5.713,6.331,0.904,0.22,0.271,0.076,ant,1.3,2,1,0,5,29,0,0,0,0.0,176,1.0,2,0.0,0.6,0,0,85.5,10,5.0,0
org.apache.tools.ant.taskdefs.Expand,0.0,0.0,0.0,0.0,0.0,0.0,0.0,0.0,0.0,0.0,0.0,0.0,0.0,0.0,0.0,11.0,20.0,110.0,18.18,2.0,18.18,231.0,64.17,22.28,45.0,0.82,0.0,0.0,,,11.0,20.0,110.0,18.18,2.0,18.18,231.0,64.17,22.28,45.0,0.82,0.0,0.0,,,11.0,8.408,0.764,0.384,0.284,0.0,-0.956,0.67,0.182,3.056,40.449,0.034,8.772,9.672,0.879,0.171,0.311,0.099,ant,1.3,5,4,0,8,45,6,0,4,0.75,261,1.0,0,0.9512195,0.6,4,5,50.8,7,2.0,0
org.apache.tools.ant.taskdefs.compilers.Javac12,1.0,0.0,0.0,0.0,0.0,1.0,100.0,13.0,3.61,100.0,0.0,0.0,,,,12.0,20.0,132.0,15.15,3.0,25.0,234.0,65.0,23.05,56.0,0.85,0.0,0.0,,,13.0,26.0,156.0,16.67,3.0,23.08,234.0,65.0,22.76,65.0,0.83,6.0,3.85,,,13.0,10.551,0.812,0.29,0.212,6.0,-1.238,0.68,0.167,3.611,40.678,0.22,8.911,11.922,0.917,0.131,0.232,0.102,ant,1.3,3,2,0,8,18,3,1,2,1.0,132,0.0,0,0.92,0.5,0,0,42.0,1,0.6666667,0
org.apache.tools.ant.types.Commandline,35.0,58.0,1190.0,4.87,1.0,2.86,122.0,33.89,21.71,566.0,0.95,40.17,3.38,,,4.0,1.0,12.0,8.33,3.0,75.0,177.0,49.17,45.74,5.5,0.92,5.0,41.67,,,37.0,118.0,1332.0,8.86,1.0,2.7,219.0,60.83,24.2,607.0,0.91,50.17,3.77,,,37.0,34.494,0.932,0.147,0.313,50.167,-1.92,0.672,0.089,10.278,41.002,0.412,12.805,34.91,0.944,0.081,0.26,0.313,ant,1.3,19,1,0,23,46,65,22,17,0.41666666,448,1.0,0,0.0,0.28947368,0,0,22.473684,16,2.4210527,0
org.apache.tools.ant.taskdefs.War,0.0,0.0,0.0,0.0,0.0,0.0,0.0,0.0,0.0,0.0,0.0,0.0,0.0,0.0,0.0,11.0,35.0,110.0,31.82,1.0,9.09,232.0,64.44,23.22,37.5,0.68,0.0,0.0,,,11.0,35.0,110.0,31.82,1.0,9.09,232.0,64.44,23.22,37.5,0.68,0.0,0.0,,,11.0,6.947,0.632,0.502,0.317,0.0,-0.688,0.883,0.318,3.056,40.495,0.016,8.686,8.685,0.79,0.288,0.268,0.455,ant,1.3,9,6,0,7,33,28,0,6,0.8125,163,1.0,0,0.9506173,0.4,4,6,16.88889,2,1.0,0
org.apache.tools.ant.util.regexp.JakartaOroMatcher,0.0,0.0,0.0,0.0,0.0,0.0,0.0,0.0,0.0,0.0,0.0,0.0,0.0,0.0,0.0,4.0,2.0,12.0,16.67,2.0,50.0,174.0,48.33,49.29,5.0,0.83,0.0,0.0,,,4.0,2.0,12.0,16.67,2.0,50.0,174.0,48.33,49.29,5.0,0.83,0.0,0.0,,,4.0,3.167,0.792,0.481,0.094,0.0,-0.731,0.333,0.167,1.111,37.461,0.134,2.738,3.827,0.957,0.299,0.153,0.031,ant,1.3,5,1,0,7,17,0,0,5,0.5,75,1.0,0,0.0,0.8,0,0,13.4,3,1.2,0
org.apache.tools.tar.TarOutputStream,1.0,0.0,0.0,0.0,0.0,1.0,100.0,16.0,4.44,100.0,0.0,0.0,,,,3.0,1.0,6.0,16.67,2.0,66.67,7.0,1.94,63.64,2.5,0.83,0.0,0.0,,,4.0,3.0,12.0,25.0,2.0,50.0,20.0,5.56,74.07,4.5,0.75,1.0,8.33,,,4.0,3.433,0.858,0.525,0.028,1.0,-0.645,0.435,0.25,1.111,29.316,0.3,0.312,3.463,0.866,0.398,0.048,0.24,ant,1.3,15,3,0,3,37,41,1,14,0.6964286,437,0.75,1,0.45454547,0.31111112,1,2,27.333334,1,0.8,0
org.apache.tools.ant.taskdefs.Tstamp,0.0,0.0,0.0,0.0,0.0,0.0,0.0,0.0,0.0,0.0,0.0,0.0,0.0,0.0,0.0,5.0,4.0,20.0,20.0,2.0,40.0,197.0,54.72,31.83,8.0,0.8,0.0,0.0,,,5.0,4.0,20.0,20.0,2.0,40.0,197.0,54.72,31.83,8.0,0.8,0.0,0.0,,,5.0,3.894,0.779,0.446,0.048,0.0,-0.808,0.465,0.2,1.389,38.462,0.004,5.045,4.73,0.946,0.288,0.061,0.169,ant,1.3,3,3,0,5,17,0,1,3,0.0,91,1.0,0,0.94871795,1.0,0,0,29.0,1,0.6666667,0
org.apache.tools.ant.taskdefs.Exit,0.0,0.0,0.0,0.0,0.0,0.0,0.0,0.0,0.0,0.0,0.0,0.0,0.0,0.0,0.0,4.0,2.0,12.0,16.67,2.0,50.0,197.0,54.72,32.14,5.0,0.83,0.0,0.0,,,4.0,2.0,12.0,16.67,2.0,50.0,197.0,54.72,32.14,5.0,0.83,0.0,0.0,,,4.0,3.067,0.767,0.573,0.175,0.0,-0.557,0.384,0.167,1.111,38.42,0.0,4.878,3.909,0.977,0.362,0.38,0.003,ant,1.3,3,3,0,2,6,1,0,3,0.5,29,1.0,0,0.94871795,0.6666667,0,0,8.333333,1,0.6666667,0
org.apache.tools.ant.taskdefs.ExecuteJava,1.0,0.0,0.0,0.0,0.0,1.0,100.0,27.0,7.5,100.0,0.0,0.0,,,,10.0,14.0,90.0,15.56,2.0,20.0,226.0,62.78,28.07,38.0,0.84,0.0,0.0,,,11.0,22.0,110.0,20.0,1.0,9.09,230.0,63.89,27.64,44.0,0.8,2.0,1.82,,,11.0,7.736,0.703,0.376,0.189,2.0,-0.978,0.798,0.2,3.056,40.449,0.049,7.244,9.697,0.882,0.151,0.182,0.144,ant,1.3,6,1,0,7,26,0,1,6,0.65,185,1.0,3,0.0,0.30555555,0,0,29.166666,1,0.8333333,0
org.apache.tools.ant.taskdefs.GUnzip,0.0,0.0,0.0,0.0,0.0,0.0,0.0,0.0,0.0,0.0,0.0,0.0,0.0,0.0,0.0,4.0,2.0,12.0,16.67,2.0,50.0,197.0,54.72,32.14,5.0,0.83,0.0,0.0,,,4.0,2.0,12.0,16.67,2.0,50.0,197.0,54.72,32.14,5.0,0.83,0.0,0.0,,,4.0,3.645,0.911,0.389,0.032,0.0,-0.944,0.233,0.167,1.111,38.42,0.0,4.878,3.921,0.98,0.252,0.005,0.003,ant,1.3,4,3,0,4,32,2,0,4,0.6666667,215,1.0,0,0.925,0.75,1,1,52.25,1,0.75,0
org.apache.tools.ant.taskdefs.XSLTProcess,0.0,0.0,0.0,0.0,0.0,0.0,0.0,0.0,0.0,0.0,0.0,0.0,0.0,0.0,0.0,12.0,16.0,132.0,12.12,3.0,25.0,235.0,65.28,22.71,58.0,0.88,0.0,0.0,,,12.0,16.0,132.0,12.12,3.0,25.0,235.0,65.28,22.71,58.0,0.88,0.0,0.0,,,12.0,10.68,0.89,0.214,0.138,0.0,-1.543,0.434,0.121,3.333,40.816,2.271,8.62,11.405,0.95,0.123,0.167,0.061,ant,1.3,13,4,0,7,55,30,1,10,0.8020833,590,1.0,1,0.8666667,0.5,2,2,43.76923,1,0.9230769,0
org.apache.tools.ant.taskdefs.Ant,1.0,0.0,0.0,0.0,0.0,1.0,100.0,6.0,1.67,100.0,0.0,0.0,,,,14.0,32.0,182.0,17.58,3.0,21.43,239.0,66.39,23.76,75.0,0.82,0.0,0.0,,,15.0,37.0,210.0,17.62,3.0,20.0,239.0,66.39,23.62,86.5,0.82,5.67,2.7,,,15.0,11.468,0.765,0.397,0.374,5.667,-0.923,0.792,0.176,4.167,41.002,0.357,8.636,12.625,0.842,0.22,0.373,0.299,ant,1.3,10,3,0,9,70,1,1,8,0.7037037,440,0.6666667,1,0.8043478,0.46666667,1,1,42.4,6,1.9,0
org.apache.tools.ant.taskdefs.LogOutputStream,8.0,3.0,56.0,5.36,6.0,75.0,53.0,14.72,41.41,26.5,0.95,0.0,0.0,,,4.0,2.0,12.0,16.67,2.0,50.0,186.0,51.67,33.7,5.0,0.83,0.0,0.0,,,12.0,33.0,132.0,25.0,1.0,8.33,203.0,56.39,29.85,49.5,0.75,2.0,1.52,,,12.0,9.451,0.788,0.31,0.086,2.0,-1.17,0.815,0.25,3.333,39.046,0.043,6.799,10.562,0.88,0.148,0.13,0.23,ant,1.3,7,2,1,8,15,1,7,4,0.5833333,92,1.0,1,0.45454547,0.4642857,1,1,11.571428,1,0.85714287,0
org.apache.tools.ant.taskdefs.Cvs,0.0,0.0,0.0,0.0,0.0,0.0,0.0,0.0,0.0,0.0,0.0,0.0,0.0,0.0,0.0,16.0,32.0,240.0,13.33,2.0,12.5,234.0,65.0,21.02,104.0,0.87,0.0,0.0,,,16.0,32.0,240.0,13.33,2.0,12.5,234.0,65.0,21.02,104.0,0.87,0.0,0.0,,,16.0,14.042,0.878,0.203,0.239,0.0,-1.593,0.499,0.133,4.444,40.863,0.349,9.566,15.192,0.95,0.115,0.309,0.075,ant,1.3,12,3,0,12,37,32,0,12,0.85858583,310,1.0,1,0.7708333,0.45833334,0,0,24.083334,3,1.4166666,0
org.apache.tools.ant.taskdefs.TaskOutputStream,0.0,0.0,0.0,0.0,0.0,0.0,0.0,0.0,0.0,0.0,0.0,0.0,0.0,0.0,0.0,2.0,0.0,2.0,0.0,2.0,100.0,140.0,38.89,51.85,1.0,1.0,0.0,0.0,,,2.0,0.0,2.0,0.0,2.0,100.0,140.0,38.89,51.85,1.0,1.0,0.0,0.0,,,2.0,2.0,1.0,0.5,0.0,0.0,-0.693,0.0,0.0,0.556,35.75,0.0,2.248,2.0,1.0,0.5,0.0,0.0,ant,1.3,3,2,0,1,9,0,0,1,0.0,58,1.0,1,0.71428573,0.6666667,1,1,17.333334,1,0.6666667,0
org.apache.tools.ant.taskdefs.Patch,0.0,0.0,0.0,0.0,0.0,0.0,0.0,0.0,0.0,0.0,0.0,0.0,0.0,0.0,0.0,12.0,22.0,132.0,16.67,2.0,16.67,233.0,64.72,21.65,55.0,0.83,0.0,0.0,,,12.0,22.0,132.0,16.67,2.0,16.67,233.0,64.72,21.65,55.0,0.83,0.0,0.0,,,12.0,10.182,0.848,0.248,0.188,0.0,-1.395,0.501,0.167,3.333,40.632,0.051,9.126,11.435,0.953,0.126,0.243,0.032,ant,1.3,9,3,0,9,29,0,0,9,0.5833333,168,1.0,1,0.82222223,0.44444445,0,0,17.333334,2,1.4444444,0
org.apache.tools.ant.util.FlatFileNameMapper,1.0,0.0,0.0,0.0,0.0,1.0,100.0,17.0,4.72,100.0,0.0,0.0,,,,1.0,0.0,0.0,0.0,0.0,1.0,100.0,12.0,3.33,100.0,0.0,0.0,,,,2.0,1.0,2.0,50.0,1.0,50.0,24.0,6.67,82.76,0.5,0.5,0.0,0.0,,,2.0,1.0,0.5,1.62,0.0,0.0,0.482,0.8,0.5,0.556,29.581,0.0,0.365,1.482,0.741,0.611,0.012,0.104,ant,1.3,4,1,0,2,7,6,1,4,2.0,20,0.0,0,0.0,0.875,0,0,4.0,1,0.75,0
org.apache.tools.ant.util.MergingMapper,2.0,0.0,2.0,0.0,2.0,100.0,24.0,6.67,68.57,1.0,1.0,0.0,0.0,,,1.0,0.0,0.0,0.0,0.0,1.0,100.0,12.0,3.33,100.0,0.0,0.0,,,,3.0,0.0,6.0,0.0,3.0,100.0,35.0,9.72,74.47,3.0,1.0,2.0,33.33,,,3.0,3.0,1.0,0.36,0.122,2.0,-1.022,0.0,0.0,0.833,30.05,0.011,0.668,3.0,1.0,0.36,0.122,0.0,ant,1.3,4,1,0,4,5,0,3,4,0.33333334,24,1.0,0,0.0,0.875,0,0,4.75,1,0.75,0
org.apache.tools.ant.BuildException,171.0,542.0,29070.0,1.86,3.0,1.75,317.0,88.06,14.1,14264.0,0.98,0.0,0.0,,,1.0,0.0,0.0,0.0,0.0,1.0,100.0,9.0,2.5,100.0,0.0,0.0,,,,172.0,550.0,29412.0,1.87,3.0,1.74,317.0,88.06,14.05,14431.0,0.98,105.42,0.36,,,172.0,169.546,0.986,0.055,0.503,105.417,-2.897,0.685,0.019,47.778,59.308,19.684,41.177,169.59,0.986,0.024,0.318,0.375,ant,1.3,14,4,0,99,28,0,98,14,0.3846154,153,1.0,1,0.65,0.33333334,1,2,9.785714,2,0.64285713,0
org.apache.tools.ant.DirectoryScanner,36.0,51.0,1260.0,4.05,3.0,8.33,145.0,40.28,25.44,604.5,0.96,0.0,0.0,,,3.0,0.0,6.0,0.0,3.0,100.0,174.0,48.33,50.14,3.0,1.0,0.0,0.0,,,39.0,115.0,1482.0,7.76,1.0,2.56,235.0,65.28,25.63,683.5,0.92,34.0,2.29,,,39.0,36.758,0.943,0.159,0.38,34.0,-1.838,0.675,0.078,10.833,43.269,1.259,12.679,37.39,0.959,0.082,0.364,0.272,ant,1.3,23,1,1,22,51,181,20,14,0.73140496,1407,1.0,0,0.0,0.29090908,0,0,59.695652,35,5.869565,0
org.apache.tools.ant.util.GlobPatternMapper,2.0,0.0,2.0,0.0,2.0,100.0,25.0,6.94,83.33,1.0,1.0,0.0,0.0,,,1.0,0.0,0.0,0.0,0.0,1.0,100.0,12.0,3.33,100.0,0.0,0.0,,,,3.0,1.0,6.0,16.67,2.0,66.67,34.0,9.44,80.95,2.5,0.83,1.0,16.67,,,3.0,2.327,0.776,0.577,0.547,1.0,-0.549,0.094,0.167,0.833,29.95,0.004,0.563,2.86,0.953,0.527,0.576,0.021,ant,1.3,5,1,0,3,15,0,2,4,0.5,137,1.0,0,0.0,0.9,0,0,25.2,4,1.8,0
org.apache.tools.ant.taskdefs.compilers.Jvc,1.0,0.0,0.0,0.0,0.0,1.0,100.0,13.0,3.61,100.0,0.0,0.0,,,,13.0,28.0,156.0,17.95,2.0,15.38,237.0,65.83,21.12,64.0,0.82,0.0,0.0,,,14.0,34.0,182.0,18.68,2.0,14.29,237.0,65.83,20.88,74.0,0.81,7.0,3.85,,,14.0,11.086,0.792,0.429,0.474,7.0,-0.846,0.658,0.187,3.889,40.863,0.182,9.879,12.443,0.889,0.181,0.307,0.174,ant,1.3,2,2,0,9,19,1,1,2,2.0,120,0.0,0,0.9583333,1.0,1,1,59.0,1,0.5,0
org.apache.tools.ant.types.PatternSet,5.0,4.0,20.0,20.0,2.0,40.0,62.0,17.22,57.94,8.0,0.8,0.0,0.0,,,10.0,17.0,90.0,18.89,3.0,30.0,224.0,62.22,31.73,36.5,0.81,0.0,0.0,,,15.0,45.0,210.0,21.43,2.0,13.33,231.0,64.17,28.41,82.5,0.79,18.83,8.97,,,15.0,11.917,0.794,0.308,0.284,18.833,-1.177,0.723,0.214,4.167,40.632,0.179,7.639,12.527,0.835,0.185,0.279,0.298,ant,1.3,17,3,0,10,55,76,5,11,0.59375,461,1.0,0,0.65217394,0.2857143,1,1,25.882353,6,2.6470587,1
org.apache.tools.ant.taskdefs.Available,0.0,0.0,0.0,0.0,0.0,0.0,0.0,0.0,0.0,0.0,0.0,0.0,0.0,0.0,0.0,10.0,19.0,90.0,21.11,2.0,20.0,232.0,64.44,22.86,35.5,0.79,0.0,0.0,,,10.0,19.0,90.0,21.11,2.0,20.0,232.0,64.44,22.86,35.5,0.79,0.0,0.0,,,10.0,8.077,0.808,0.283,0.068,0.0,-1.261,0.616,0.211,2.778,40.449,0.021,8.546,8.921,0.892,0.138,0.115,0.081,ant,1.3,13,3,0,7,35,52,0,10,0.86904764,273,1.0,2,0.75510204,0.35384616,1,1,19.461538,6,1.6923077,0
org.apache.tools.ant.taskdefs.Copy,2.0,1.0,2.0,50.0,1.0,50.0,16.0,4.44,61.54,0.5,0.5,0.0,0.0,,,15.0,26.0,210.0,12.38,2.0,13.33,239.0,66.39,22.21,92.0,0.88,0.0,0.0,,,17.0,44.0,272.0,16.18,1.0,5.88,241.0,66.94,21.87,114.0,0.84,10.5,3.86,,,17.0,13.98,0.822,0.257,0.193,10.5,-1.358,0.744,0.162,4.722,41.237,0.922,9.703,15.132,0.89,0.136,0.254,0.214,ant,1.3,17,3,1,12,64,52,1,13,0.7932692,642,1.0,1,0.6981132,0.24264705,1,1,36.0,11,2.0,0
org.apache.tools.ant.Project,140.0,355.0,19460.0,1.82,2.0,1.43,306.0,85.0,16.4,9552.5,0.98,0.0,0.0,,,2.0,0.0,2.0,0.0,2.0,100.0,173.0,48.06,50.44,1.0,1.0,0.0,0.0,,,142.0,553.0,20022.0,2.76,1.0,0.7,313.0,86.94,14.17,9734.5,0.97,47.5,0.24,,,142.0,138.018,0.972,0.091,0.486,47.5,-2.395,0.865,0.028,39.444,56.162,14.21,37.019,138.287,0.974,0.043,0.37,0.508,ant,1.3,71,1,0,103,186,2247,99,55,0.972449,2193,0.5714286,0,0.0,0.1277311,0,0,29.492958,18,1.5774648,1
org.apache.tools.ant.types.CommandlineJava,6.0,0.0,30.0,0.0,6.0,100.0,34.0,9.44,40.96,15.0,1.0,0.0,0.0,,,13.0,25.0,156.0,16.03,1.0,7.69,226.0,62.78,26.62,65.5,0.84,0.0,0.0,,,19.0,61.0,342.0,17.84,2.0,10.53,232.0,64.44,24.89,140.5,0.82,37.0,10.82,,,19.0,16.113,0.848,0.183,0.167,37.0,-1.699,0.598,0.178,5.278,40.909,0.368,9.006,17.523,0.922,0.123,0.214,0.264,ant,1.3,21,1,0,9,47,48,1,21,0.68,277,1.0,4,0.0,0.30952382,0,0,11.952381,7,1.4285715,1
org.apache.tools.ant.taskdefs.UpToDate,0.0,0.0,0.0,0.0,0.0,0.0,0.0,0.0,0.0,0.0,0.0,0.0,0.0,0.0,0.0,11.0,16.0,110.0,14.55,2.0,18.18,211.0,58.61,25.64,47.0,0.85,0.0,0.0,,,11.0,16.0,110.0,14.55,2.0,18.18,211.0,58.61,25.64,47.0,0.85,0.0,0.0,,,11.0,8.948,0.813,0.386,0.215,0.0,-0.953,0.743,0.145,3.056,39.474,0.034,7.166,10.218,0.929,0.16,0.316,0.056,ant,1.3,7,4,0,11,32,0,0,6,0.6666667,189,1.0,1,0.9285714,0.34285715,1,1,25.428572,3,1.1428572,0
org.apache.tools.ant.taskdefs.Javac,3.0,1.0,6.0,16.67,2.0,66.67,30.0,8.33,83.33,2.5,0.83,1.0,16.67,,,19.0,39.0,342.0,11.4,5.0,26.32,240.0,66.67,20.46,151.5,0.89,26.0,7.6,,,21.0,53.0,420.0,12.62,3.0,14.29,242.0,67.22,20.1,183.5,0.87,45.17,10.75,,,21.0,17.265,0.822,0.278,0.405,45.167,-1.281,0.642,0.126,5.833,41.427,1.088,10.918,18.91,0.9,0.147,0.428,0.148,ant,1.3,42,4,1,19,74,741,7,40,0.9483501,550,1.0,4,0.6554622,0.21088435,3,3,11.690476,2,1.2142857,0
org.apache.tools.ant.util.IdentityMapper,2.0,0.0,2.0,0.0,2.0,100.0,24.0,6.67,68.57,1.0,1.0,0.0,0.0,,,1.0,0.0,0.0,0.0,0.0,1.0,100.0,12.0,3.33,100.0,0.0,0.0,,,,3.0,2.0,6.0,33.33,1.0,33.33,29.0,8.06,61.7,2.0,0.67,0.0,0.0,,,3.0,1.833,0.611,1.134,0.138,0.0,0.126,0.775,0.333,0.833,29.727,0.0,0.691,2.477,0.826,0.408,0.004,0.105,ant,1.3,4,1,0,2,5,6,1,4,2.0,16,0.0,0,0.0,0.875,0,0,3.0,1,0.75,0
org.apache.tools.ant.types.ZipFileSet,3.0,3.0,6.0,50.0,1.0,33.33,19.0,5.28,46.34,1.5,0.5,0.0,0.0,,,11.0,18.0,110.0,16.36,2.0,18.18,221.0,61.39,28.37,46.0,0.84,0.0,0.0,,,14.0,42.0,182.0,23.08,1.0,7.14,224.0,62.22,27.32,70.0,0.77,5.33,2.93,,,14.0,10.445,0.746,0.378,0.293,5.333,-0.972,0.841,0.231,3.889,40.268,0.209,7.521,11.665,0.833,0.223,0.257,0.434,ant,1.3,9,5,0,10,20,4,3,9,0.6875,110,1.0,0,0.9191919,0.3888889,2,7,10.777778,3,1.2222222,0
org.apache.tools.ant.taskdefs.Java,8.0,0.0,56.0,0.0,8.0,100.0,30.0,8.33,37.97,28.0,1.0,0.0,0.0,,,19.0,57.0,342.0,16.67,2.0,10.53,240.0,66.67,19.51,142.5,0.83,0.0,0.0,,,27.0,107.0,702.0,15.24,2.0,7.41,245.0,68.06,18.72,297.5,0.85,85.67,12.2,,,27.0,22.471,0.832,0.155,0.143,85.667,-1.867,0.775,0.152,7.5,41.909,0.535,12.836,23.913,0.886,0.096,0.184,0.344,ant,1.3,22,3,0,17,77,95,0,19,0.74285716,439,1.0,1,0.63793105,0.17272727,1,1,18.727272,2,1.0,0
org.apache.tools.ant.IntrospectionHelper,3.0,2.0,6.0,33.33,1.0,33.33,29.0,8.06,55.77,2.0,0.67,0.0,0.0,,,14.0,18.0,182.0,9.89,6.0,42.86,245.0,68.06,23.0,82.0,0.9,0.0,0.0,,,17.0,33.0,272.0,12.13,5.0,29.41,252.0,70.0,22.56,119.5,0.88,25.33,9.31,,,17.0,13.301,0.782,0.364,0.466,25.333,-1.011,0.62,0.121,4.722,41.812,2.026,9.362,14.339,0.843,0.248,0.632,0.106,ant,1.3,14,1,0,24,63,63,20,9,0.84134614,822,0.4375,0,0.0,0.33333334,0,0,56.57143,24,2.7857144,2
org.apache.tools.ant.taskdefs.Get,0.0,0.0,0.0,0.0,0.0,0.0,0.0,0.0,0.0,0.0,0.0,0.0,0.0,0.0,0.0,7.0,12.0,42.0,28.57,1.0,14.29,225.0,62.5,24.89,15.0,0.71,0.0,0.0,,,7.0,12.0,42.0,28.57,1.0,14.29,225.0,62.5,24.89,15.0,0.71,0.0,0.0,,,7.0,5.147,0.735,0.435,0.198,0.0,-0.834,0.542,0.286,1.944,40.0,0.001,7.416,5.697,0.814,0.239,0.29,0.069,ant,1.3,8,3,0,6,46,10,0,7,0.7714286,394,1.0,0,0.84090906,0.375,1,1,47.625,2,1.0,0
org.apache.tools.ant.taskdefs.Jar,1.0,0.0,0.0,0.0,0.0,1.0,100.0,11.0,3.06,100.0,0.0,0.0,,,,10.0,25.0,90.0,27.78,1.0,10.0,232.0,64.44,23.48,32.5,0.72,0.0,0.0,,,11.0,35.0,110.0,31.82,1.0,9.09,232.0,64.44,23.22,37.5,0.68,0.0,0.0,,,11.0,6.07,0.552,0.554,0.375,0.0,-0.591,0.906,0.318,3.056,40.495,0.016,8.686,8.148,0.741,0.325,0.341,0.472,ant,1.3,6,5,1,6,33,7,1,3,0.7,164,1.0,0,0.96153843,0.5,3,6,26.0,2,1.0,0
org.apache.tools.ant.taskdefs.PumpStreamHandler,6.0,8.0,30.0,26.67,1.0,16.67,70.0,19.44,47.95,11.0,0.73,0.0,0.0,,,2.0,0.0,2.0,0.0,2.0,100.0,10.0,2.78,100.0,1.0,1.0,0.0,0.0,,,8.0,11.0,56.0,19.64,2.0,25.0,73.0,20.28,46.79,22.5,0.8,8.0,14.29,,,8.0,5.683,0.71,0.579,0.4,8.0,-0.546,0.755,0.196,2.222,31.304,0.564,2.232,6.669,0.834,0.191,0.159,0.143,ant,1.3,11,1,1,8,17,41,6,8,0.7,93,1.0,0,0.0,0.6666667,0,0,7.090909,1,0.72727275,0
org.apache.tools.ant.taskdefs.SendEmail,0.0,0.0,0.0,0.0,0.0,0.0,0.0,0.0,0.0,0.0,0.0,0.0,0.0,0.0,0.0,5.0,2.0,20.0,10.0,3.0,60.0,200.0,55.56,32.47,9.0,0.9,0.0,0.0,,,5.0,2.0,20.0,10.0,3.0,60.0,200.0,55.56,32.47,9.0,0.9,0.0,0.0,,,5.0,4.377,0.875,0.318,0.116,0.0,-1.145,0.189,0.1,1.389,38.668,1.658,4.883,4.934,0.987,0.245,0.193,0.002,ant,1.3,8,3,0,4,41,10,0,8,0.8095238,236,1.0,0,0.84090906,0.875,1,1,27.75,14,2.625,0
org.apache.tools.ant.taskdefs.GenerateKey,0.0,0.0,0.0,0.0,0.0,0.0,0.0,0.0,0.0,0.0,0.0,0.0,0.0,0.0,0.0,10.0,16.0,90.0,17.78,2.0,20.0,234.0,65.0,23.56,37.0,0.82,0.0,0.0,,,10.0,16.0,90.0,17.78,2.0,20.0,234.0,65.0,23.56,37.0,0.82,0.0,0.0,,,10.0,7.91,0.791,0.493,0.395,0.0,-0.707,0.639,0.178,2.778,40.632,1.121,8.27,8.769,0.877,0.237,0.489,0.061,ant,1.3,14,3,0,6,33,65,0,14,0.9102564,404,1.0,1,0.74,0.5952381,2,3,27.0,2,1.0,0
org.apache.tools.mail.MailMessage,1.0,0.0,0.0,0.0,0.0,1.0,100.0,5.0,1.39,100.0,0.0,0.0,,,,2.0,0.0,2.0,0.0,2.0,100.0,2.0,0.56,1.0,1.0,0.0,0.0,,,,3.0,0.0,6.0,0.0,3.0,100.0,7.0,1.94,100.0,3.0,1.0,2.0,33.33,,,3.0,3.0,1.0,0.368,0.171,2.0,-0.999,0.0,0.0,0.833,27.994,1.11,0.157,3.0,1.0,0.368,0.171,0.0,ant,1.3,27,1,0,3,63,297,1,10,0.77884614,527,0.0,2,0.0,0.37962964,0,0,18.222221,11,1.4444444,0
org.apache.tools.ant.TaskAdapter,3.0,2.0,6.0,33.33,1.0,33.33,29.0,8.06,55.77,2.0,0.67,0.0,0.0,,,6.0,6.0,30.0,20.0,2.0,33.33,225.0,62.5,25.14,12.0,0.8,0.0,0.0,,,9.0,20.0,72.0,27.78,1.0,11.11,232.0,64.44,24.5,26.0,0.72,3.67,5.09,,,9.0,6.516,0.724,0.497,0.186,3.667,-0.7,0.898,0.278,2.5,40.404,0.017,7.826,7.368,0.819,0.177,0.089,0.199,ant,1.3,4,3,0,6,15,0,4,4,0.33333334,82,0.0,0,0.925,0.625,1,1,19.25,1,0.75,0
org.apache.tools.ant.taskdefs.compilers.Jikes,1.0,0.0,0.0,0.0,0.0,1.0,100.0,13.0,3.61,100.0,0.0,0.0,,,,13.0,28.0,156.0,17.95,2.0,15.38,237.0,65.83,21.12,64.0,0.82,0.0,0.0,,,14.0,34.0,182.0,18.68,2.0,14.29,237.0,65.83,20.88,74.0,0.81,7.0,3.85,,,14.0,11.0,0.786,0.406,0.464,7.0,-0.901,0.606,0.187,3.889,40.863,0.182,9.879,12.41,0.886,0.189,0.315,0.179,ant,1.3,2,2,0,9,23,1,1,2,2.0,204,0.0,0,0.9583333,1.0,1,1,101.0,1,0.5,0
org.apache.tools.ant.taskdefs.Delete,0.0,0.0,0.0,0.0,0.0,0.0,0.0,0.0,0.0,0.0,0.0,0.0,0.0,0.0,0.0,14.0,33.0,182.0,18.13,2.0,14.29,233.0,64.72,20.93,74.5,0.82,0.0,0.0,,,14.0,33.0,182.0,18.13,2.0,14.29,233.0,64.72,20.93,74.5,0.82,0.0,0.0,,,14.0,12.152,0.868,0.217,0.121,0.0,-1.528,0.591,0.181,3.889,40.678,0.068,9.587,12.916,0.923,0.107,0.136,0.1,ant,1.3,18,4,0,8,49,19,0,16,0.77310926,579,1.0,0,0.8210526,0.2962963,2,3,30.777779,14,2.1111112,0
org.apache.tools.ant.taskdefs.Untar,0.0,0.0,0.0,0.0,0.0,0.0,0.0,0.0,0.0,0.0,0.0,0.0,0.0,0.0,0.0,9.0,13.0,72.0,18.06,2.0,22.22,231.0,64.17,25.3,29.5,0.82,0.0,0.0,,,9.0,13.0,72.0,18.06,2.0,22.22,231.0,64.17,25.3,29.5,0.82,0.0,0.0,,,9.0,7.232,0.804,0.364,0.201,0.0,-1.011,0.607,0.181,2.5,40.449,1.293,7.442,7.842,0.871,0.178,0.238,0.098,ant,1.3,4,3,0,8,42,2,0,4,0.6666667,242,1.0,0,0.925,0.75,2,3,59.0,1,0.75,0
org.apache.tools.ant.taskdefs.Replace,1.0,0.0,0.0,0.0,0.0,1.0,100.0,4.0,1.11,100.0,0.0,0.0,,,,12.0,17.0,132.0,12.88,2.0,16.67,232.0,64.44,22.44,57.5,0.87,8.0,6.06,,,12.0,17.0,132.0,12.88,2.0,16.67,232.0,64.44,22.44,57.5,0.87,8.0,6.06,,,12.0,10.235,0.853,0.289,0.311,8.0,-1.241,0.445,0.129,3.333,40.541,0.493,8.624,11.375,0.948,0.196,0.36,0.118,ant,1.3,19,4,0,8,69,91,2,13,0.7777778,632,1.0,2,0.8125,0.36842105,1,1,31.894737,5,1.2631578,1
org.apache.tools.tar.TarEntry,4.0,2.0,12.0,16.67,2.0,50.0,20.0,5.56,62.5,5.0,0.83,0.0,0.0,,,2.0,0.0,2.0,0.0,2.0,100.0,4.0,1.11,100.0,1.0,1.0,0.0,0.0,,,6.0,4.0,30.0,13.33,3.0,50.0,21.0,5.83,58.33,13.0,0.87,6.0,20.0,,,6.0,5.487,0.914,0.344,0.326,6.0,-1.068,0.23,0.133,1.667,29.388,0.57,0.551,5.6,0.933,0.312,0.382,0.132,ant,1.3,31,1,0,6,65,243,4,30,0.7266667,747,1.0,0,0.0,0.1827957,1,1,22.612904,4,1.1612903,0
org.apache.tools.ant.types.Path,38.0,51.0,1406.0,3.63,6.0,15.79,136.0,37.78,23.94,677.5,0.96,34.0,2.42,,,13.0,24.0,156.0,15.38,3.0,23.08,224.0,62.22,27.93,66.0,0.85,9.0,5.77,,,50.0,232.0,2450.0,9.47,2.0,4.0,264.0,73.33,19.37,1109.0,0.91,306.67,12.52,,,50.0,46.051,0.921,0.106,0.24,306.667,-2.241,0.761,0.095,13.889,45.397,1.991,17.333,46.734,0.935,0.063,0.203,0.405,ant,1.3,24,3,0,27,80,182,20,18,0.5652174,693,0.6666667,2,0.5882353,0.1541502,2,5,27.75,13,2.2916667,0
org.apache.tools.ant.taskdefs.Copydir,0.0,0.0,0.0,0.0,0.0,0.0,0.0,0.0,0.0,0.0,0.0,0.0,0.0,0.0,0.0,8.0,8.0,56.0,14.29,2.0,25.0,206.0,57.22,27.61,24.0,0.86,0.0,0.0,,,8.0,8.0,56.0,14.29,2.0,25.0,206.0,57.22,27.61,24.0,0.86,0.0,0.0,,,8.0,6.763,0.845,0.315,0.172,0.0,-1.155,0.412,0.143,2.222,39.13,0.019,6.234,7.755,0.969,0.177,0.236,0.011,ant,1.3,8,4,0,6,35,4,0,7,0.71428573,265,1.0,0,0.91764706,0.46875,3,3,31.375,5,1.375,0
org.apache.tools.ant.types.Mapper,5.0,1.0,20.0,5.0,4.0,80.0,32.0,8.89,42.11,9.5,0.95,0.0,0.0,,,12.0,22.0,132.0,16.67,3.0,25.0,231.0,64.17,29.77,55.0,0.83,0.0,0.0,,,17.0,43.0,272.0,15.81,1.0,5.88,235.0,65.28,27.58,114.5,0.84,39.5,14.52,,,17.0,14.142,0.832,0.255,0.231,39.5,-1.365,0.724,0.158,4.722,40.956,0.419,8.072,14.928,0.878,0.143,0.259,0.256,ant,1.3,11,3,0,11,37,11,3,10,0.68333334,285,1.0,3,0.75,0.28787878,1,1,24.363636,3,1.9090909,0
org.apache.tools.ant.taskdefs.Move,1.0,0.0,0.0,0.0,0.0,1.0,100.0,16.0,4.44,100.0,0.0,0.0,,,,9.0,18.0,72.0,25.0,1.0,11.11,232.0,64.44,23.87,27.0,0.75,0.0,0.0,,,10.0,27.0,90.0,30.0,1.0,10.0,235.0,65.28,23.79,31.5,0.7,0.0,0.0,,,10.0,6.493,0.649,0.488,0.3,0.0,-0.717,0.832,0.3,2.778,40.586,0.014,8.453,7.906,0.791,0.224,0.249,0.25,ant,1.3,4,4,0,6,32,6,0,1,2.0,325,0.0,0,0.96385545,0.75,3,5,80.25,11,5.25,0
org.apache.tools.ant.types.Reference,15.0,19.0,210.0,9.05,1.0,6.67,112.0,31.11,37.97,95.5,0.91,0.0,0.0,,,4.0,2.0,12.0,16.67,2.0,50.0,215.0,59.72,34.4,5.0,0.83,0.0,0.0,,,19.0,75.0,342.0,21.93,1.0,5.26,244.0,67.78,26.52,133.5,0.78,3.0,0.88,,,19.0,13.409,0.706,0.297,0.242,3.0,-1.214,0.957,0.219,5.278,41.475,0.08,9.686,14.582,0.767,0.151,0.252,0.373,ant,1.3,5,1,0,16,12,4,14,5,0.25,55,1.0,0,0.0,0.53333336,0,0,9.8,1,0.6,0
org.apache.tools.ant.taskdefs.Copyfile,0.0,0.0,0.0,0.0,0.0,0.0,0.0,0.0,0.0,0.0,0.0,0.0,0.0,0.0,0.0,4.0,2.0,12.0,16.67,2.0,50.0,197.0,54.72,32.14,5.0,0.83,0.0,0.0,,,4.0,2.0,12.0,16.67,2.0,50.0,197.0,54.72,32.14,5.0,0.83,0.0,0.0,,,4.0,3.613,0.903,0.397,0.039,0.0,-0.924,0.242,0.167,1.111,38.42,0.0,4.878,3.919,0.98,0.255,0.022,0.003,ant,1.3,6,3,0,4,21,1,0,6,0.7,136,1.0,0,0.88095236,0.41666666,2,2,21.0,1,0.8333333,0
org.apache.tools.ant.Target,11.0,16.0,110.0,14.55,1.0,9.09,162.0,45.0,61.13,47.0,0.85,2.33,2.12,,,7.0,8.0,42.0,19.05,2.0,28.57,225.0,62.5,24.89,17.0,0.81,1.0,2.38,,,17.0,56.0,272.0,20.59,1.0,5.88,241.0,66.94,23.4,108.0,0.79,19.33,7.11,,,17.0,14.08,0.828,0.227,0.088,19.333,-1.484,0.821,0.206,4.722,41.19,0.562,9.036,14.947,0.879,0.115,0.145,0.232,ant,1.3,19,1,0,18,47,97,16,16,0.8333333,273,1.0,1,0.0,0.30526316,0,0,13.0,3,1.4210526,1
org.apache.tools.ant.util.regexp.RegexpMatcherFactory,1.0,0.0,0.0,0.0,0.0,1.0,100.0,6.0,1.67,100.0,0.0,0.0,,,,4.0,2.0,12.0,16.67,2.0,50.0,174.0,48.33,49.29,5.0,0.83,0.0,0.0,,,5.0,6.0,20.0,30.0,1.0,20.0,175.0,48.61,48.75,7.0,0.7,0.0,0.0,,,5.0,3.76,0.752,0.475,0.116,0.0,-0.743,0.461,0.3,1.389,37.539,0.134,2.83,3.861,0.772,0.337,0.152,0.214,ant,1.3,3,1,0,3,9,3,1,2,2.0,43,0.0,0,0.0,0.6666667,0,0,13.333333,1,0.6666667,0
org.apache.tools.ant.taskdefs.KeySubst,0.0,0.0,0.0,0.0,0.0,0.0,0.0,0.0,0.0,0.0,0.0,0.0,0.0,0.0,0.0,4.0,2.0,12.0,16.67,2.0,50.0,197.0,54.72,32.14,5.0,0.83,0.0,0.0,,,4.0,2.0,12.0,16.67,2.0,50.0,197.0,54.72,32.14,5.0,0.83,0.0,0.0,,,4.0,3.125,0.781,0.512,0.184,0.0,-0.67,0.338,0.167,1.111,38.42,0.0,4.878,3.931,0.983,0.314,0.263,0.003,ant,1.3,8,3,0,3,40,10,0,8,0.71428573,271,1.0,0,0.84090906,0.40625,1,1,32.375,4,1.25,0
org.apache.tools.ant.util.SourceFileScanner,7.0,0.0,42.0,0.0,7.0,100.0,56.0,15.56,44.44,21.0,1.0,0.0,0.0,,,5.0,2.0,20.0,10.0,3.0,60.0,193.0,53.61,34.22,9.0,0.9,0.0,0.0,,,12.0,31.0,132.0,23.48,1.0,8.33,211.0,58.61,30.58,50.5,0.77,5.0,3.79,,,12.0,8.714,0.726,0.343,0.159,5.0,-1.07,0.84,0.235,3.333,39.517,0.086,6.804,10.004,0.834,0.13,0.106,0.17,ant,1.3,3,1,0,9,25,1,7,3,0.0,277,1.0,1,0.0,0.6666667,0,0,91.0,14,5.3333335,0
org.apache.tools.ant.AntClassLoader,9.0,1.0,72.0,1.39,8.0,88.89,63.0,17.5,45.65,35.5,0.99,0.0,0.0,,,4.0,2.0,12.0,16.67,2.0,50.0,160.0,44.44,43.24,5.0,0.83,0.0,0.0,,,13.0,37.0,156.0,23.72,1.0,7.69,184.0,51.11,36.22,59.5,0.76,1.0,0.64,,,13.0,9.506,0.731,0.314,0.122,1.0,-1.157,0.86,0.237,3.611,38.217,0.027,5.788,10.528,0.81,0.146,0.166,0.228,ant,1.3,17,2,0,9,64,76,7,9,0.87916666,713,0.6,2,0.7083333,0.3392857,1,3,40.058823,9,1.4117647,2
org.apache.tools.ant.taskdefs.compilers.CompilerAdapterFactory,1.0,0.0,0.0,0.0,0.0,1.0,100.0,21.0,5.83,100.0,0.0,0.0,,,,12.0,32.0,132.0,24.24,2.0,16.67,231.0,64.17,24.14,50.0,0.76,0.0,0.0,,,13.0,41.0,156.0,26.28,1.0,7.69,235.0,65.28,24.03,57.5,0.74,8.0,5.13,,,13.0,9.156,0.704,0.35,0.225,8.0,-1.048,0.82,0.263,3.611,40.724,0.169,8.865,11.399,0.877,0.162,0.289,0.181,ant,1.3,3,1,0,8,16,3,1,1,2.0,125,0.0,0,0.0,0.44444445,0,0,40.666668,1,0.6666667,0
org.apache.tools.ant.taskdefs.LogStreamHandler,12.0,11.0,132.0,8.33,1.0,8.33,79.0,21.94,35.59,60.5,0.92,0.0,0.0,,,5.0,2.0,20.0,10.0,3.0,60.0,145.0,40.28,48.66,9.0,0.9,0.0,0.0,,,17.0,43.0,272.0,15.81,1.0,5.88,172.0,47.78,33.08,114.5,0.84,26.0,9.56,,,17.0,14.413,0.848,0.277,0.213,26.0,-1.286,0.848,0.158,4.722,37.696,0.105,6.678,15.398,0.906,0.099,0.056,0.246,ant,1.3,1,2,0,9,3,0,6,1,2.0,14,0.0,0,1.0,1.0,0,0,13.0,0,0.0,0
org.apache.tools.ant.taskdefs.Deltree,0.0,0.0,0.0,0.0,0.0,0.0,0.0,0.0,0.0,0.0,0.0,0.0,0.0,0.0,0.0,4.0,2.0,12.0,16.67,2.0,50.0,197.0,54.72,32.14,5.0,0.83,0.0,0.0,,,4.0,2.0,12.0,16.67,2.0,50.0,197.0,54.72,32.14,5.0,0.83,0.0,0.0,,,4.0,3.58,0.895,0.401,0.079,0.0,-0.914,0.227,0.167,1.111,38.42,0.0,4.878,3.916,0.979,0.273,0.111,0.003,ant,1.3,4,3,0,3,17,4,0,3,0.6666667,152,1.0,0,0.925,0.75,1,1,36.75,1,0.75,0
org.apache.tools.ant.taskdefs.Touch,3.0,0.0,6.0,0.0,3.0,100.0,15.0,4.17,55.56,3.0,1.0,0.0,0.0,,,6.0,6.0,30.0,20.0,2.0,33.33,225.0,62.5,25.14,12.0,0.8,0.0,0.0,,,9.0,24.0,72.0,33.33,1.0,11.11,229.0,63.61,24.84,24.0,0.67,0.0,0.0,,,9.0,6.163,0.685,0.384,0.051,0.0,-0.958,0.801,0.333,2.5,40.359,0.003,7.919,6.855,0.762,0.19,0.132,0.206,ant,1.3,8,3,0,7,32,8,3,5,0.7380952,300,0.8333333,0,0.8604651,0.35714287,1,1,35.75,1,0.75,0
org.apache.tools.ant.taskdefs.SignJar,0.0,0.0,0.0,0.0,0.0,0.0,0.0,0.0,0.0,0.0,0.0,0.0,0.0,0.0,0.0,8.0,13.0,56.0,23.21,1.0,12.5,233.0,64.72,24.32,21.5,0.77,0.0,0.0,,,8.0,13.0,56.0,23.21,1.0,12.5,233.0,64.72,24.32,21.5,0.77,0.0,0.0,,,8.0,5.507,0.688,0.516,0.412,0.0,-0.661,0.607,0.232,2.222,40.449,0.009,7.896,6.6,0.825,0.235,0.265,0.152,ant,1.3,14,3,0,5,35,63,0,13,0.90909094,307,1.0,0,0.74,0.5952381,2,3,20.142857,7,1.3571428,0
org.apache.tools.ant.taskdefs.Echo,0.0,0.0,0.0,0.0,0.0,0.0,0.0,0.0,0.0,0.0,0.0,0.0,0.0,0.0,0.0,11.0,14.0,110.0,12.73,3.0,27.27,240.0,66.67,24.72,48.0,0.87,0.0,0.0,,,11.0,14.0,110.0,12.73,3.0,27.27,240.0,66.67,24.72,48.0,0.87,0.0,0.0,,,11.0,9.65,0.877,0.316,0.188,0.0,-1.153,0.606,0.127,3.056,40.863,0.547,7.731,10.3,0.936,0.149,0.252,0.061,ant,1.3,7,3,0,7,22,0,0,7,0.625,147,1.0,0,0.8604651,0.34285715,1,1,19.428572,5,1.4285715,0
org.apache.tools.ant.taskdefs.Filter,0.0,0.0,0.0,0.0,0.0,0.0,0.0,0.0,0.0,0.0,0.0,0.0,0.0,0.0,0.0,6.0,6.0,30.0,20.0,2.0,33.33,225.0,62.5,25.14,12.0,0.8,0.0,0.0,,,6.0,6.0,30.0,20.0,2.0,33.33,225.0,62.5,25.14,12.0,0.8,0.0,0.0,,,6.0,4.432,0.739,0.431,0.121,0.0,-0.843,0.522,0.2,1.667,39.956,0.001,7.163,5.721,0.954,0.189,0.104,0.008,ant,1.3,6,3,0,4,24,5,0,5,0.73333335,153,1.0,0,0.88095236,0.5,0,0,24.0,1,0.8333333,0
org.apache.tools.ant.DefaultLogger,4.0,0.0,12.0,0.0,4.0,100.0,24.0,6.67,50.0,6.0,1.0,0.0,0.0,,,10.0,14.0,90.0,15.56,4.0,40.0,193.0,53.61,31.95,38.0,0.84,0.0,0.0,,,14.0,38.0,182.0,20.88,1.0,7.14,195.0,54.17,29.91,72.0,0.79,12.33,6.78,,,14.0,11.005,0.786,0.36,0.29,12.333,-1.022,0.784,0.209,3.889,38.751,0.704,5.908,11.582,0.827,0.269,0.377,0.437,ant,1.3,14,1,1,8,32,49,4,12,0.83516484,257,1.0,0,0.0,0.30769232,0,0,16.857143,6,1.6428572,2
org.apache.tools.ant.taskdefs.Chmod,0.0,0.0,0.0,0.0,0.0,0.0,0.0,0.0,0.0,0.0,0.0,0.0,0.0,0.0,0.0,11.0,21.0,110.0,19.09,1.0,9.09,215.0,59.72,27.49,44.5,0.81,0.0,0.0,,,11.0,21.0,110.0,19.09,1.0,9.09,215.0,59.72,27.49,44.5,0.81,0.0,0.0,,,11.0,8.73,0.794,0.326,0.139,0.0,-1.121,0.699,0.191,3.056,39.691,0.044,7.035,9.345,0.85,0.173,0.264,0.15,ant,1.3,14,5,0,10,43,15,0,12,0.61538464,168,1.0,1,0.89166665,0.39285713,3,5,10.857142,5,1.3571428,0
org.apache.tools.ant.taskdefs.ExecuteOn,2.0,0.0,2.0,0.0,2.0,100.0,20.0,5.56,80.0,1.0,1.0,0.0,0.0,,,19.0,41.0,342.0,11.99,2.0,10.53,247.0,68.61,20.2,150.5,0.88,0.0,0.0,,,21.0,58.0,420.0,13.81,1.0,4.76,248.0,68.89,19.87,181.0,0.86,14.17,3.37,,,21.0,17.453,0.831,0.233,0.22,14.167,-1.457,0.817,0.138,5.833,41.763,0.909,11.078,18.582,0.885,0.093,0.166,0.207,ant,1.3,11,4,2,14,42,29,2,5,0.725,395,1.0,1,0.88505745,0.23232323,3,4,34.545456,3,1.2727273,0
org.apache.tools.ant.taskdefs.CallTarget,0.0,0.0,0.0,0.0,0.0,0.0,0.0,0.0,0.0,0.0,0.0,0.0,0.0,0.0,0.0,6.0,11.0,30.0,36.67,1.0,16.67,203.0,56.39,31.52,9.5,0.63,0.0,0.0,,,6.0,11.0,30.0,36.67,1.0,16.67,203.0,56.39,31.52,9.5,0.63,0.0,0.0,,,6.0,3.731,0.622,0.682,0.177,0.0,-0.383,0.814,0.367,1.667,38.751,0.0,5.473,4.457,0.743,0.327,0.275,0.199,ant,1.3,5,3,0,7,20,2,0,5,0.625,76,1.0,1,0.902439,0.6,2,2,13.8,2,1.0,0
org.apache.tools.ant.taskdefs.CompileTask,0.0,0.0,0.0,0.0,0.0,0.0,0.0,0.0,0.0,0.0,0.0,0.0,0.0,0.0,0.0,7.0,9.0,42.0,21.43,1.0,14.29,155.0,43.06,42.12,16.5,0.79,0.0,0.0,,,7.0,9.0,42.0,21.43,1.0,14.29,155.0,43.06,42.12,16.5,0.79,0.0,0.0,,,7.0,5.25,0.75,0.561,0.195,0.0,-0.577,0.751,0.214,1.944,36.548,0.014,3.581,6.162,0.88,0.264,0.321,0.126,ant,1.3,4,5,0,5,21,0,0,4,0.33333334,87,1.0,0,0.9808917,1.0,1,1,20.5,3,1.25,0
org.apache.tools.ant.BuildEvent,6.0,5.0,30.0,16.67,1.0,16.67,27.0,7.5,40.91,12.5,0.83,0.0,0.0,,,6.0,8.0,30.0,26.67,1.0,16.67,188.0,52.22,32.41,11.0,0.73,0.0,0.0,,,12.0,35.0,132.0,26.52,1.0,8.33,197.0,54.72,30.5,48.5,0.73,11.33,8.59,,,12.0,10.182,0.849,0.213,0.101,11.333,-1.544,0.503,0.265,3.333,38.751,0.211,5.78,11.09,0.924,0.14,0.141,0.181,ant,1.3,11,2,0,7,15,13,5,11,0.75,97,1.0,3,0.2,0.22077923,0,0,7.2727275,1,0.72727275,0
org.apache.tools.ant.taskdefs.Transform,0.0,0.0,0.0,0.0,0.0,0.0,0.0,0.0,0.0,0.0,0.0,0.0,0.0,0.0,0.0,14.0,31.0,182.0,17.03,1.0,7.14,226.0,62.78,26.56,75.5,0.83,0.0,0.0,,,14.0,31.0,182.0,17.03,1.0,7.14,226.0,62.78,26.56,75.5,0.83,0.0,0.0,,,14.0,11.101,0.793,0.297,0.157,0.0,-1.214,0.81,0.17,3.889,40.359,0.256,7.642,12.148,0.868,0.123,0.126,0.196,ant,1.3,9,5,0,12,36,0,0,4,0.525,375,1.0,3,0.93043476,0.4,2,4,40.11111,11,2.4444444,0
org.apache.tools.ant.taskdefs.JikesOutputParser,1.0,0.0,0.0,0.0,0.0,1.0,100.0,7.0,1.94,100.0,0.0,0.0,,,,5.0,2.0,20.0,10.0,3.0,60.0,189.0,52.5,33.69,9.0,0.9,0.0,0.0,,,6.0,4.0,30.0,13.33,3.0,50.0,190.0,52.78,33.45,13.0,0.87,3.0,10.0,,,6.0,4.632,0.772,0.426,0.15,3.0,-0.853,0.463,0.133,1.667,38.257,0.039,4.794,5.694,0.949,0.202,0.119,0.025,ant,1.3,12,1,0,3,21,44,1,5,0.8051948,147,1.0,1,0.0,0.26190478,0,0,10.666667,4,1.25,0
org.apache.tools.ant.taskdefs.Mkdir,0.0,0.0,0.0,0.0,0.0,0.0,0.0,0.0,0.0,0.0,0.0,0.0,0.0,0.0,0.0,4.0,2.0,12.0,16.67,2.0,50.0,197.0,54.72,32.14,5.0,0.83,0.0,0.0,,,4.0,2.0,12.0,16.67,2.0,50.0,197.0,54.72,32.14,5.0,0.83,0.0,0.0,,,4.0,3.367,0.842,0.45,0.076,0.0,-0.799,0.3,0.167,1.111,38.42,0.0,4.878,3.917,0.979,0.27,0.097,0.003,ant,1.3,3,3,0,3,14,1,0,3,0.5,84,1.0,0,0.94871795,0.6666667,1,1,26.666666,1,0.6666667,1
org.apache.tools.ant.UnknownElement,2.0,1.0,2.0,50.0,1.0,50.0,22.0,6.11,68.75,0.5,0.5,0.0,0.0,,,12.0,24.0,132.0,18.18,3.0,25.0,232.0,64.44,24.65,54.0,0.82,0.0,0.0,,,14.0,39.0,182.0,21.43,1.0,7.14,236.0,65.56,24.25,71.5,0.79,3.83,2.11,,,14.0,10.903,0.779,0.275,0.214,3.833,-1.292,0.67,0.214,3.889,40.909,0.572,8.391,11.852,0.847,0.188,0.355,0.233,ant,1.3,6,3,0,10,33,0,3,5,0.46666667,198,1.0,1,0.88095236,0.33333334,2,4,31.5,2,1.0,3
org.apache.tools.ant.types.Environment,3.0,1.0,6.0,16.67,2.0,66.67,35.0,9.72,70.0,2.5,0.83,0.0,0.0,,,3.0,2.0,6.0,33.33,1.0,33.33,174.0,48.33,49.43,2.0,0.67,0.0,0.0,,,6.0,12.0,30.0,40.0,1.0,16.67,184.0,51.11,45.77,9.0,0.6,0.0,0.0,,,6.0,3.871,0.645,0.628,0.085,0.0,-0.465,0.867,0.4,1.667,37.975,0.001,3.546,4.643,0.774,0.374,0.14,0.406,ant,1.3,3,1,1,5,9,0,3,3,0.0,47,1.0,0,0.0,0.6666667,0,0,14.333333,1,0.6666667,0
org.apache.tools.ant.taskdefs.Tar,0.0,0.0,0.0,0.0,0.0,0.0,0.0,0.0,0.0,0.0,0.0,0.0,0.0,0.0,0.0,16.0,27.0,240.0,11.25,4.0,25.0,238.0,66.11,22.71,106.5,0.89,0.0,0.0,,,16.0,27.0,240.0,11.25,4.0,25.0,238.0,66.11,22.71,106.5,0.89,0.0,0.0,,,16.0,14.336,0.896,0.185,0.11,0.0,-1.689,0.558,0.112,4.444,41.096,2.299,8.87,15.009,0.938,0.117,0.178,0.168,ant,1.3,8,4,0,12,65,2,0,6,0.9166667,583,0.16666667,0,0.91764706,0.33333334,3,3,70.375,3,1.25,0
org.apache.tools.ant.taskdefs.GZip,0.0,0.0,0.0,0.0,0.0,0.0,0.0,0.0,0.0,0.0,0.0,0.0,0.0,0.0,0.0,6.0,6.0,30.0,20.0,2.0,33.33,225.0,62.5,25.14,12.0,0.8,0.0,0.0,,,6.0,6.0,30.0,20.0,2.0,33.33,225.0,62.5,25.14,12.0,0.8,0.0,0.0,,,6.0,4.735,0.789,0.387,0.139,0.0,-0.95,0.414,0.2,1.667,39.956,0.001,7.163,5.709,0.951,0.225,0.204,0.007,ant,1.3,6,3,0,4,25,11,0,4,0.8,157,1.0,0,0.88095236,0.4,2,2,24.833334,1,0.8333333,0
org.apache.tools.ant.XmlLogger,0.0,0.0,0.0,0.0,0.0,0.0,0.0,0.0,0.0,0.0,0.0,0.0,0.0,0.0,0.0,15.0,33.0,210.0,15.71,3.0,20.0,233.0,64.72,23.73,88.5,0.84,0.0,0.0,,,15.0,33.0,210.0,15.71,3.0,20.0,233.0,64.72,23.73,88.5,0.84,0.0,0.0,,,15.0,11.328,0.755,0.379,0.397,0.0,-0.971,0.709,0.157,4.167,40.724,0.864,8.183,12.714,0.848,0.267,0.475,0.336,ant,1.3,10,1,0,9,49,1,0,8,0.9206349,382,1.0,0,0.0,0.8333333,0,0,35.1,4,1.9,0
org.apache.tools.tar.TarInputStream,1.0,0.0,0.0,0.0,0.0,1.0,100.0,9.0,2.5,100.0,0.0,0.0,,,,2.0,0.0,2.0,0.0,2.0,100.0,7.0,1.94,87.5,1.0,1.0,0.0,0.0,,,3.0,1.0,6.0,16.67,2.0,66.67,14.0,3.89,82.35,2.5,0.83,1.0,16.67,,,3.0,2.547,0.849,0.511,0.038,1.0,-0.671,0.225,0.167,0.833,29.056,0.254,0.256,2.87,0.957,0.387,0.14,0.033,ant,1.3,16,3,0,3,40,84,1,16,0.65833336,604,1.0,2,0.58064514,0.29166666,2,7,36.25,1,0.8125,0
org.apache.tools.ant.types.ZipScanner,2.0,1.0,2.0,50.0,1.0,50.0,21.0,5.83,63.64,0.5,0.5,0.0,0.0,,,2.0,0.0,2.0,0.0,2.0,100.0,40.0,11.11,53.33,1.0,1.0,0.0,0.0,,,4.0,5.0,12.0,41.67,1.0,25.0,52.0,14.44,48.15,3.5,0.58,0.0,0.0,,,4.0,3.413,0.853,0.517,0.006,0.0,-0.66,0.435,0.417,1.111,31.634,0.0,1.296,3.642,0.91,0.315,0.128,0.07,ant,1.3,6,2,0,3,11,13,2,6,0.8,68,1.0,0,0.92424244,0.44444445,1,5,10.166667,3,1.5,0
org.apache.tools.ant.taskdefs.AntStructure,0.0,0.0,0.0,0.0,0.0,0.0,0.0,0.0,0.0,0.0,0.0,0.0,0.0,0.0,0.0,4.0,2.0,12.0,16.67,2.0,50.0,197.0,54.72,32.14,5.0,0.83,0.0,0.0,,,4.0,2.0,12.0,16.67,2.0,50.0,197.0,54.72,32.14,5.0,0.83,0.0,0.0,,,4.0,3.171,0.793,0.479,0.151,0.0,-0.736,0.312,0.167,1.111,38.42,0.0,4.878,3.929,0.982,0.291,0.187,0.003,ant,1.3,8,3,0,6,55,24,0,3,0.8095238,643,0.5,0,0.84090906,0.30357143,0,0,78.625,3,1.25,0
org.apache.tools.ant.NoBannerLogger,0.0,0.0,0.0,0.0,0.0,0.0,0.0,0.0,0.0,0.0,0.0,0.0,0.0,0.0,0.0,5.0,6.0,20.0,30.0,1.0,20.0,23.0,6.39,38.33,7.0,0.7,0.0,0.0,,,5.0,6.0,20.0,30.0,1.0,20.0,23.0,6.39,38.33,7.0,0.7,0.0,0.0,,,5.0,3.037,0.607,0.852,0.288,0.0,-0.16,0.759,0.3,1.389,29.436,0.002,0.785,3.408,0.682,0.459,0.266,0.293,ant,1.3,4,2,0,3,16,0,0,4,0.33333334,59,1.0,0,0.84210527,0.875,1,1,13.5,5,1.75,0
org.apache.tools.ant.taskdefs.FixCRLF,0.0,0.0,0.0,0.0,0.0,0.0,0.0,0.0,0.0,0.0,0.0,0.0,0.0,0.0,0.0,13.0,18.0,156.0,11.54,2.0,15.38,240.0,66.67,22.49,69.0,0.88,0.0,0.0,,,13.0,18.0,156.0,11.54,2.0,15.38,240.0,66.67,22.49,69.0,0.88,0.0,0.0,,,13.0,10.517,0.809,0.274,0.335,0.0,-1.296,0.482,0.115,3.611,40.956,0.531,8.765,12.214,0.94,0.177,0.495,0.048,ant,1.3,8,4,0,7,34,6,0,8,0.7619048,626,1.0,0,0.91764706,0.4375,2,2,76.5,3,1.625,3
org.apache.tools.ant.types.FileSet,24.0,23.0,552.0,4.17,6.0,25.0,137.0,38.06,33.01,264.5,0.96,0.0,0.0,,,12.0,24.0,132.0,18.18,2.0,16.67,223.0,61.94,29.23,54.0,0.82,0.0,0.0,,,36.0,176.0,1260.0,13.97,1.0,2.78,262.0,72.78,22.24,542.0,0.86,116.5,9.25,,,36.0,31.507,0.875,0.153,0.246,116.5,-1.874,0.819,0.14,10.0,43.426,0.746,13.868,32.307,0.897,0.103,0.264,0.46,ant,1.3,16,3,2,24,56,0,16,14,0.6,353,1.0,1,0.6818182,0.2265625,1,1,20.8125,4,1.75,1
org.apache.tools.ant.taskdefs.Property,2.0,1.0,2.0,50.0,1.0,50.0,15.0,4.17,71.43,0.5,0.5,0.0,0.0,,,14.0,29.0,182.0,15.93,3.0,21.43,242.0,67.22,21.9,76.5,0.84,0.0,0.0,,,16.0,42.0,240.0,17.5,2.0,12.5,244.0,67.78,21.67,99.0,0.82,13.67,5.69,,,16.0,13.119,0.82,0.256,0.234,13.667,-1.361,0.684,0.175,4.444,41.332,0.19,9.965,13.899,0.869,0.157,0.341,0.184,ant,1.3,27,3,0,11,83,291,2,20,0.8894231,658,1.0,2,0.5873016,0.18518518,0,0,23.074074,11,1.925926,2
org.apache.tools.ant.taskdefs.Exec,1.0,0.0,0.0,0.0,0.0,1.0,100.0,2.0,0.56,100.0,0.0,0.0,,,,7.0,6.0,42.0,14.29,3.0,42.86,227.0,63.06,25.31,18.0,0.86,6.0,14.29,,,7.0,6.0,42.0,14.29,3.0,42.86,227.0,63.06,25.31,18.0,0.86,6.0,14.29,,,7.0,6.368,0.91,0.263,0.131,6.0,-1.334,0.275,0.143,1.944,40.134,1.109,7.17,6.756,0.965,0.166,0.132,0.008,ant,1.3,10,3,0,5,41,21,1,7,0.7936508,360,1.0,0,0.8043478,0.45,0,0,34.3,2,1.1,0
org.apache.tools.ant.util.RegexpPatternMapper,0.0,0.0,0.0,0.0,0.0,0.0,0.0,0.0,0.0,0.0,0.0,0.0,0.0,0.0,0.0,6.0,6.0,30.0,20.0,2.0,33.33,182.0,50.56,49.19,12.0,0.8,0.0,0.0,,,6.0,6.0,30.0,20.0,2.0,33.33,182.0,50.56,49.19,12.0,0.8,0.0,0.0,,,6.0,4.778,0.796,0.566,0.257,0.0,-0.569,0.615,0.2,1.667,37.935,0.193,2.882,5.104,0.851,0.328,0.092,0.324,ant,1.3,5,1,0,4,20,0,0,4,0.33333334,144,1.0,1,0.0,0.9,0,0,27.2,5,2.2,0
org.apache.tools.ant.taskdefs.Execute,18.0,1.0,306.0,0.33,17.0,94.44,105.0,29.17,35.0,152.5,1.0,17.0,5.56,,,18.0,37.0,306.0,12.09,1.0,5.56,233.0,64.72,22.32,134.5,0.88,12.0,3.92,,,35.0,181.0,1190.0,15.21,1.0,2.86,245.0,68.06,18.31,504.5,0.85,168.0,14.12,,,35.0,30.534,0.872,0.123,0.124,168.0,-2.096,0.824,0.152,9.722,42.303,0.787,14.532,31.654,0.904,0.074,0.1,0.443,ant,1.3,21,1,0,25,77,162,10,14,0.7375,566,0.9166667,4,0.0,0.135,0,0,25.380953,7,1.8095238,1
org.apache.tools.ant.Main,0.0,0.0,0.0,0.0,0.0,0.0,0.0,0.0,0.0,0.0,0.0,0.0,0.0,0.0,0.0,13.0,18.0,156.0,11.54,2.0,15.38,229.0,63.61,31.54,69.0,0.88,0.0,0.0,,,13.0,18.0,156.0,11.54,2.0,15.38,229.0,63.61,31.54,69.0,0.88,0.0,0.0,,,13.0,11.356,0.874,0.253,0.203,0.0,-1.375,0.528,0.115,3.611,40.449,0.861,5.921,11.848,0.911,0.138,0.256,0.085,ant,1.3,14,1,0,7,82,65,0,1,0.8165681,1253,0.84615386,0,0.0,0.16964285,0,0,87.57143,4,2.142857,1
org.apache.tools.ant.taskdefs.SQLExec,1.0,0.0,0.0,0.0,0.0,1.0,100.0,5.0,1.39,100.0,0.0,0.0,,,,14.0,27.0,182.0,14.84,1.0,7.14,241.0,66.94,22.76,77.5,0.85,7.67,4.21,,,14.0,27.0,182.0,14.84,1.0,7.14,241.0,66.94,22.76,77.5,0.85,7.67,4.21,,,14.0,12.403,0.886,0.209,0.182,7.667,-1.566,0.447,0.148,3.889,41.049,0.549,8.946,12.797,0.914,0.135,0.268,0.071,ant,1.3,23,3,0,10,96,175,1,19,0.8863636,1034,1.0,2,0.62711865,0.19130434,3,3,43.086956,7,1.3043479,0
org.apache.tools.ant.taskdefs.Javadoc,1.0,0.0,0.0,0.0,0.0,1.0,100.0,6.0,1.67,100.0,0.0,0.0,,,,27.0,61.0,702.0,8.69,4.0,14.81,246.0,68.33,18.14,320.5,0.91,20.0,2.85,,,27.0,61.0,702.0,8.69,4.0,14.81,246.0,68.33,18.14,320.5,0.91,20.0,2.85,,,27.0,25.45,0.943,0.122,0.276,20.0,-2.102,0.367,0.087,7.5,41.958,2.22,12.282,25.986,0.962,0.088,0.334,0.088,ant,1.3,65,3,0,21,155,1670,6,59,0.9171875,1504,1.0,5,0.37,0.24414062,3,3,21.830769,10,1.5230769,0
org.apache.tools.ant.taskdefs.Rmic,1.0,0.0,0.0,0.0,0.0,1.0,100.0,9.0,2.5,100.0,0.0,0.0,,,,21.0,48.0,420.0,11.43,3.0,14.29,243.0,67.5,18.69,186.0,0.89,14.67,3.49,,,21.0,48.0,420.0,11.43,3.0,14.29,243.0,67.5,18.69,186.0,0.89,14.67,3.49,,,21.0,18.498,0.881,0.154,0.158,14.667,-1.871,0.536,0.114,5.833,41.475,0.289,11.674,19.758,0.941,0.085,0.215,0.063,ant,1.3,22,4,0,16,72,165,1,16,0.9047619,675,1.0,1,0.7878788,0.22727273,3,3,29.045454,4,1.2272727,1
org.apache.tools.ant.taskdefs.Rename,0.0,0.0,0.0,0.0,0.0,0.0,0.0,0.0,0.0,0.0,0.0,0.0,0.0,0.0,0.0,4.0,2.0,12.0,16.67,2.0,50.0,197.0,54.72,32.14,5.0,0.83,0.0,0.0,,,4.0,2.0,12.0,16.67,2.0,50.0,197.0,54.72,32.14,5.0,0.83,0.0,0.0,,,4.0,3.613,0.903,0.397,0.039,0.0,-0.924,0.242,0.167,1.111,38.42,0.0,4.878,3.919,0.98,0.255,0.022,0.003,ant,1.3,5,3,0,4,18,0,0,5,0.6666667,107,1.0,0,0.902439,0.8,1,1,19.8,1,0.8,0
org.apache.tools.ant.taskdefs.Taskdef,1.0,0.0,0.0,0.0,0.0,1.0,100.0,7.0,1.94,100.0,0.0,0.0,,,,8.0,9.0,56.0,16.07,2.0,25.0,207.0,57.5,28.24,23.5,0.84,0.0,0.0,,,9.0,11.0,72.0,15.28,1.0,11.11,209.0,58.06,28.24,30.5,0.85,5.0,6.94,,,9.0,7.261,0.807,0.315,0.065,5.0,-1.154,0.624,0.153,2.5,39.13,0.044,6.376,8.177,0.909,0.148,0.07,0.093,ant,1.3,8,3,0,8,25,14,1,8,0.71428573,157,1.0,1,0.84090906,0.375,0,0,18.25,2,1.125,0
org.apache.tools.ant.taskdefs.Zip,2.0,1.0,2.0,50.0,1.0,50.0,11.0,3.06,50.0,0.5,0.5,0.0,0.0,,,17.0,39.0,272.0,14.34,3.0,17.65,234.0,65.0,20.8,116.5,0.86,0.0,0.0,,,19.0,58.0,342.0,16.96,3.0,15.79,234.0,65.0,20.4,142.0,0.83,11.33,3.31,,,19.0,16.259,0.856,0.206,0.21,11.333,-1.578,0.639,0.17,5.278,40.956,0.629,10.315,17.226,0.907,0.135,0.281,0.252,ant,1.3,22,4,1,15,104,185,2,8,0.83928573,1180,1.0,0,0.79591835,0.1802721,3,3,52.272728,3,1.0454545,3
org.apache.tools.ant.util.regexp.JakartaRegexpMatcher,0.0,0.0,0.0,0.0,0.0,0.0,0.0,0.0,0.0,0.0,0.0,0.0,0.0,0.0,0.0,4.0,2.0,12.0,16.67,2.0,50.0,174.0,48.33,49.29,5.0,0.83,0.0,0.0,,,4.0,2.0,12.0,16.67,2.0,50.0,174.0,48.33,49.29,5.0,0.83,0.0,0.0,,,4.0,3.167,0.792,0.481,0.094,0.0,-0.731,0.333,0.167,1.111,37.461,0.134,2.738,3.827,0.957,0.299,0.153,0.031,ant,1.3,5,1,0,4,13,0,0,5,0.5,65,1.0,0,0.0,0.8,0,0,11.6,3,1.2,0
org.apache.tools.ant.taskdefs.ExecTask,6.0,2.0,30.0,6.67,4.0,66.67,33.0,9.17,41.25,14.0,0.93,0.0,0.0,,,18.0,34.0,306.0,11.11,3.0,16.67,235.0,65.28,21.08,136.0,0.89,0.0,0.0,,,24.0,81.0,552.0,14.67,2.0,8.33,242.0,67.22,20.25,235.5,0.85,52.5,9.51,,,24.0,19.717,0.822,0.183,0.187,52.5,-1.697,0.74,0.147,6.667,41.667,0.73,11.36,20.859,0.869,0.105,0.237,0.261,ant,1.3,19,3,1,18,56,97,5,12,0.8148148,406,1.0,2,0.6727273,0.19078948,0,0,19.894737,3,1.0526316,0
org.apache.tools.ant.ProjectHelper,14.0,15.0,182.0,8.24,6.0,42.86,58.0,16.11,36.94,83.5,0.92,79.0,43.41,,,10.0,14.0,90.0,15.56,3.0,30.0,224.0,62.22,33.38,38.0,0.84,6.0,6.67,,,23.0,66.0,506.0,13.04,1.0,4.35,238.0,66.11,28.92,220.0,0.87,150.0,29.64,,,23.0,19.533,0.849,0.189,0.225,150.0,-1.668,0.72,0.13,6.389,41.427,1.161,7.879,19.886,0.865,0.128,0.314,0.282,ant,1.3,17,1,0,19,73,112,13,5,0.84375,502,1.0,1,0.0,0.17045455,0,0,28.17647,2,1.0,3
org.apache.tools.ant.taskdefs.compilers.CompilerAdapter,3.0,2.0,6.0,33.33,1.0,33.33,34.0,9.44,58.62,2.0,0.67,1.0,16.67,,,3.0,2.0,6.0,33.33,1.0,33.33,184.0,51.11,50.55,2.0,0.67,0.0,0.0,,,5.0,8.0,20.0,40.0,1.0,20.0,189.0,52.5,47.13,6.0,0.6,1.0,5.0,,,5.0,2.85,0.57,0.774,0.097,1.0,-0.256,0.895,0.4,1.389,38.095,0.0,3.664,4.088,0.818,0.357,0.181,0.239,ant,1.3,2,1,0,4,2,1,3,2,2.0,2,0.0,0,0.0,0.75,0,0,0.0,1,1.0,0
org.apache.tools.ant.util.regexp.RegexpMatcher,4.0,1.0,12.0,8.33,3.0,75.0,8.0,2.22,42.11,5.5,0.92,0.0,0.0,,,2.0,0.0,2.0,0.0,2.0,100.0,173.0,48.06,50.44,1.0,1.0,0.0,0.0,,,6.0,9.0,30.0,30.0,1.0,16.67,175.0,48.61,48.34,10.5,0.7,0.0,0.0,,,6.0,4.068,0.678,0.656,0.164,0.0,-0.422,0.803,0.3,1.667,37.578,0.002,2.988,4.832,0.805,0.465,0.17,0.513,ant,1.3,4,1,0,5,4,6,4,4,2.0,4,0.0,0,0.0,0.875,0,0,0.0,1,1.0,0
org.apache.tools.ant.BuildLogger,2.0,1.0,2.0,50.0,1.0,50.0,20.0,5.56,74.07,0.5,0.5,0.0,0.0,,,2.0,0.0,2.0,0.0,2.0,100.0,10.0,2.78,62.5,1.0,1.0,0.0,0.0,,,4.0,3.0,12.0,25.0,1.0,25.0,23.0,6.39,53.49,4.5,0.75,2.0,16.67,,,4.0,1.829,0.457,0.899,0.617,2.0,-0.106,0.475,0.25,1.111,29.436,0.001,0.462,3.014,0.754,0.581,0.769,0.078,ant,1.3,4,1,0,3,4,6,2,4,2.0,4,0.0,0,0.0,0.5,0,0,0.0,1,1.0,0
org.apache.tools.ant.BuildListener,7.0,2.0,42.0,4.76,5.0,71.43,32.0,8.89,39.02,20.0,0.95,0.0,0.0,,,2.0,0.0,2.0,0.0,2.0,100.0,13.0,3.61,72.22,1.0,1.0,0.0,0.0,,,9.0,8.0,72.0,11.11,3.0,33.33,33.0,9.17,33.0,32.0,0.89,8.0,11.11,,,9.0,6.666,0.741,0.496,0.22,8.0,-0.702,0.812,0.111,2.5,29.851,0.025,1.408,7.133,0.793,0.342,0.307,0.43,ant,1.3,7,1,0,6,7,21,5,7,2.0,7,0.0,0,0.0,1.0,0,0,0.0,1,1.0,0
org.apache.tools.ant.types.EnumeratedAttribute,17.0,9.0,272.0,3.31,9.0,52.94,61.0,16.94,42.66,131.5,0.97,0.0,0.0,,,2.0,0.0,2.0,0.0,2.0,100.0,173.0,48.06,50.44,1.0,1.0,0.0,0.0,,,19.0,27.0,342.0,7.89,1.0,5.26,201.0,55.83,41.36,157.5,0.92,15.0,4.39,,,19.0,16.483,0.867,0.269,0.289,15.0,-1.313,0.791,0.079,5.278,39.43,1.472,4.905,17.063,0.898,0.146,0.248,0.365,ant,1.3,5,1,5,12,11,8,11,5,0.75,59,1.0,0,0.0,0.7,0,0,10.6,5,1.6,0
org.apache.tools.ant.Task,131.0,148.0,17030.0,0.87,34.0,25.95,273.0,75.83,17.88,8441.0,0.99,123.5,0.73,,,9.0,12.0,72.0,16.67,3.0,33.33,221.0,61.39,32.69,30.0,0.83,3.0,4.17,,,139.0,576.0,19182.0,3.0,4.0,2.88,307.0,85.28,14.04,9303.0,0.97,656.83,3.42,,,139.0,136.129,0.979,0.098,0.572,656.833,-2.324,0.756,0.03,38.611,55.385,10.841,37.844,136.353,0.981,0.045,0.441,0.452,ant,1.3,19,1,34,78,23,119,75,16,0.8730159,125,1.0,4,0.0,0.21804512,0,0,5.2105265,2,1.0,0
org.apache.tools.ant.taskdefs.MatchingTask,24.0,1.0,552.0,0.18,23.0,95.83,95.0,26.39,28.96,275.5,1.0,0.0,0.0,,,10.0,13.0,90.0,14.44,3.0,30.0,195.0,54.17,27.39,38.5,0.86,0.0,0.0,,,34.0,151.0,1122.0,13.46,1.0,2.94,228.0,63.33,21.92,485.5,0.87,85.17,7.59,,,34.0,28.836,0.848,0.183,0.287,85.167,-1.7,0.872,0.135,9.444,42.604,0.579,13.006,31.115,0.915,0.093,0.29,0.344,ant,1.3,12,3,11,18,37,0,12,11,0.45454547,164,1.0,1,0.7708333,0.41666666,0,0,12.5,6,1.5833334,0
org.apache.tools.ant.types.DataType,5.0,4.0,20.0,20.0,1.0,20.0,81.0,22.5,61.36,8.0,0.8,0.0,0.0,,,5.0,6.0,20.0,30.0,1.0,20.0,216.0,60.0,33.54,7.0,0.7,0.0,0.0,,,10.0,34.0,90.0,37.78,1.0,10.0,228.0,63.33,29.38,28.0,0.62,0.5,0.56,,,10.0,5.694,0.569,0.4,0.183,0.5,-0.917,0.737,0.378,2.778,40.268,0.003,6.967,7.615,0.761,0.231,0.236,0.251,ant,1.3,9,1,4,8,15,18,5,5,0.7083333,98,1.0,1,0.0,0.2888889,0,0,9.555555,2,1.0,0
org.apache.tools.ant.taskdefs.compilers.DefaultCompilerAdapter,4.0,0.0,12.0,0.0,4.0,100.0,19.0,5.28,35.19,6.0,1.0,0.0,0.0,,,20.0,49.0,380.0,12.89,2.0,10.0,243.0,67.5,19.26,165.5,0.87,0.0,0.0,,,24.0,87.0,552.0,15.76,2.0,8.33,244.0,67.78,18.54,232.5,0.84,36.33,6.58,,,24.0,20.724,0.863,0.2,0.239,36.333,-1.609,0.7,0.158,6.667,41.715,0.403,12.531,21.819,0.909,0.114,0.257,0.26,ant,1.3,10,1,4,17,81,5,4,4,0.7836257,743,1.0,7,0.0,0.25925925,0,0,71.4,14,4.2,1
org.apache.tools.mail.MailPrintStream,36.0,51.0,1260.0,4.05,3.0,8.33,145.0,40.28,25.44,604.5,0.96,0.0,0.0,,,0.0,0.0,0.0,0.0,0.0,0.0,0.0,0.0,0.0,0.0,0.0,0.0,0.0,0.0,0.0,36.0,51.0,1260.0,4.05,3.0,8.33,145.0,40.28,25.44,604.5,0.96,0.0,0.0,,,36.0,34.79,0.966,0.129,0.34,0.0,-2.047,0.52,0.04,10.0,37.539,0.891,10.002,35.274,0.98,0.071,0.418,0.117,ant,1.3,5,4,0,1,9,10,1,3,0.75,81,0.0,0,0.9245283,0.44,2,2,15.0,5,2.0,0
org.apache.tools.ant.taskdefs.StreamPumper,140.0,355.0,19460.0,1.82,2.0,1.43,306.0,85.0,16.4,9552.5,0.98,0.0,0.0,,,0.0,0.0,0.0,0.0,0.0,0.0,0.0,0.0,0.0,0.0,0.0,0.0,0.0,0.0,0.0,140.0,355.0,19460.0,1.82,2.0,1.43,306.0,85.0,16.4,9552.5,0.98,0.0,0.0,,,140.0,137.031,0.979,0.091,0.576,0.0,-2.399,0.801,0.018,38.889,55.3,13.126,34.389,137.394,0.981,0.029,0.309,0.344,ant,1.3,2,1,0,1,6,0,1,2,1.0,39,1.0,0,0.0,0.6666667,0,0,16.5,2,1.0,0
org.apache.tools.ant.PathTokenizer,4.0,3.0,12.0,25.0,2.0,50.0,27.0,7.5,50.94,4.5,0.75,0.0,0.0,,,0.0,0.0,0.0,0.0,0.0,0.0,0.0,0.0,0.0,0.0,0.0,0.0,0.0,0.0,0.0,4.0,3.0,12.0,25.0,2.0,50.0,27.0,7.5,50.94,4.5,0.75,0.0,0.0,,,4.0,3.073,0.768,0.71,0.614,0.0,-0.343,0.26,0.25,1.111,29.654,0.004,0.89,3.29,0.823,0.572,0.734,0.062,ant,1.3,3,1,0,2,15,0,2,3,0.16666667,100,1.0,0,0.0,0.6666667,0,0,31.333334,2,1.0,0
org.apache.tools.tar.TarConstants,4.0,6.0,12.0,50.0,1.5,2.0,1.0,25.0,19.0,5.28,59.38,3.0,0.5,0.0,0.0,0.0,0.0,0.0,0.0,0.0,0.0,0.0,0.0,0.0,0.0,0.0,0.0,0.0,0.0,0.0,4.0,6.0,12.0,50.0,1.5,2.0,1.0,25.0,19.0,5.28,59.38,3.0,0.5,0.0,0.0,4.0,2.651,0.663,0.836,0.268,0.0,-0.179,0.66,0.5,1.111,29.221,0.023,0.368,2.651,0.663,0.631,0.205,0.475,ant,1.3,0,1,0,1,0,0,1,0,2.0,24,0.0,0,0.0,0.0,0,0,0.0,0,0.0,0
org.apache.tools.ant.util.DOMElementWriter,8.0,3.0,56.0,5.36,6.0,75.0,53.0,14.72,41.41,26.5,0.95,0.0,0.0,,,0.0,0.0,0.0,0.0,0.0,0.0,0.0,0.0,0.0,0.0,0.0,0.0,0.0,0.0,0.0,8.0,3.0,56.0,5.36,6.0,75.0,53.0,14.72,41.41,26.5,0.95,0.0,0.0,,,8.0,7.48,0.935,0.292,0.232,0.0,-1.23,0.33,0.054,2.222,30.612,0.015,2.266,7.785,0.973,0.184,0.2,0.088,ant,1.3,5,1,0,1,35,4,1,4,0.5833333,354,1.0,0,0.0,0.5,0,0,69.2,8,3.2,0
org.apache.tools.ant.taskdefs.ExecuteStreamHandler,2.0,1.0,2.0,50.0,1.0,50.0,22.0,6.11,68.75,0.5,0.5,0.0,0.0,,,0.0,0.0,0.0,0.0,0.0,0.0,0.0,0.0,0.0,0.0,0.0,0.0,0.0,0.0,0.0,2.0,1.0,2.0,50.0,1.0,50.0,22.0,6.11,68.75,0.5,0.5,0.0,0.0,,,2.0,1.125,0.563,1.06,0.212,0.0,0.058,0.4,0.5,0.556,28.571,0.0,0.351,1.681,0.841,0.66,0.461,0.046,ant,1.3,5,1,0,10,5,10,10,5,2.0,5,0.0,0,0.0,0.53333336,0,0,0.0,1,1.0,0
org.apache.tools.ant.Location,2.0,1.0,2.0,50.0,1.0,50.0,27.0,7.5,79.41,0.5,0.5,0.0,0.0,,,0.0,0.0,0.0,0.0,0.0,0.0,0.0,0.0,0.0,0.0,0.0,0.0,0.0,0.0,0.0,2.0,1.0,2.0,50.0,1.0,50.0,27.0,7.5,79.41,0.5,0.5,0.0,0.0,,,2.0,1.0,0.5,1.526,0.019,0.0,0.423,0.741,0.5,0.556,29.605,0.0,0.516,1.26,0.63,0.749,0.348,0.143,ant,1.3,5,1,0,51,10,8,51,3,0.3125,69,0.75,1,0.0,0.5833333,0,0,12.0,3,0.6,0
org.apache.tools.ant.util.FileNameMapper,4.0,0.0,12.0,0.0,4.0,100.0,19.0,5.28,35.19,6.0,1.0,0.0,0.0,,,0.0,0.0,0.0,0.0,0.0,0.0,0.0,0.0,0.0,0.0,0.0,0.0,0.0,0.0,0.0,4.0,0.0,12.0,0.0,4.0,100.0,19.0,5.28,35.19,6.0,1.0,0.0,0.0,,,4.0,4.0,1.0,0.355,0.399,0.0,-1.035,0.0,0.0,1.111,29.245,0.001,1.202,4.0,1.0,0.355,0.399,0.0,ant,1.3,3,1,0,15,3,3,15,3,2.0,3,0.0,0,0.0,1.0,0,0,0.0,1,1.0,0
org.apache.tools.ant.taskdefs.XSLTLiaison,2.0,0.0,2.0,0.0,2.0,100.0,4.0,1.11,66.67,1.0,1.0,0.0,0.0,,,0.0,0.0,0.0,0.0,0.0,0.0,0.0,0.0,0.0,0.0,0.0,0.0,0.0,0.0,0.0,2.0,0.0,2.0,0.0,2.0,100.0,4.0,1.11,66.67,1.0,1.0,0.0,0.0,,,2.0,2.0,1.0,0.5,0.0,0.0,-0.693,0.0,0.0,0.556,19.262,0.001,0.001,2.0,1.0,0.5,0.0,0.0,ant,1.3,3,1,0,1,3,3,1,3,2.0,3,0.0,0,0.0,1.0,0,0,0.0,1,1.0,0
org.apache.tools.ant.FileScanner,1.0,0.0,0.0,0.0,0.0,1.0,100.0,22.0,6.11,100.0,0.0,0.0,,,,0.0,0.0,0.0,0.0,0.0,0.0,0.0,0.0,0.0,0.0,0.0,0.0,0.0,0.0,0.0,1.0,0.0,0.0,0.0,0.0,1.0,100.0,22.0,6.11,100.0,0.0,0.0,,,,1.0,1.0,1.0,1.0,1.0,0.0,0.0,0.0,,0.278,29.34,0.0,0.347,1.0,1.0,1.0,1.0,0.0,ant,1.3,13,1,0,4,13,78,4,13,2.0,13,0.0,0,0.0,0.32692307,0,0,0.0,1,1.0,0
org.apache.tools.tar.TarBuffer,1.0,0.0,0.0,0.0,0.0,1.0,100.0,8.0,2.22,100.0,0.0,0.0,,,,0.0,0.0,0.0,0.0,0.0,0.0,0.0,0.0,0.0,0.0,0.0,0.0,0.0,0.0,0.0,1.0,0.0,0.0,0.0,0.0,1.0,100.0,8.0,2.22,100.0,0.0,0.0,,,,1.0,1.0,1.0,1.0,1.0,0.0,0.0,0.0,,0.278,23.857,0.0,0.071,1.0,1.0,1.0,1.0,0.0,ant,1.3,21,1,0,2,35,38,2,17,0.6318182,617,0.8181818,0,0.0,0.2936508,0,0,27.857143,3,0.85714287,0
org.apache.tools.tar.TarUtils,1.0,0.0,0.0,0.0,0.0,1.0,100.0,3.0,0.83,100.0,0.0,0.0,,,,0.0,0.0,0.0,0.0,0.0,0.0,0.0,0.0,0.0,0.0,0.0,0.0,0.0,0.0,0.0,1.0,0.0,0.0,0.0,0.0,1.0,100.0,3.0,0.83,100.0,0.0,0.0,,,,1.0,1.0,1.0,1.0,1.0,0.0,0.0,0.0,,0.278,21.884,0.0,0.005,1.0,1.0,1.0,1.0,0.0,ant,1.3,8,1,0,1,14,28,1,8,2.0,274,0.0,0,0.0,0.45,0,0,33.25,7,2.875,0
org.apache.tools.mail.SmtpResponseReader,1.0,0.0,0.0,0.0,0.0,1.0,100.0,6.0,1.67,100.0,0.0,0.0,,,,0.0,0.0,0.0,0.0,0.0,0.0,0.0,0.0,0.0,0.0,0.0,0.0,0.0,0.0,0.0,1.0,0.0,0.0,0.0,0.0,1.0,100.0,6.0,1.67,100.0,0.0,0.0,,,,1.0,1.0,1.0,1.0,1.0,0.0,0.0,0.0,,0.278,22.727,0.0,0.018,1.0,1.0,1.0,1.0,0.0,ant,1.3,5,1,0,1,18,0,1,3,0.5,96,1.0,0,0.0,0.53333336,0,0,17.8,2,1.0,0
